INSERT INTO Usuarios (nome_Usuarios, email_Usuarios, senha_Usuarios, role_Usuarios)VALUES ('Giovanni França', 'giovanni@email.com', '12345', '1');
INSERT INTO Usuarios (nome_Usuarios, email_Usuarios, senha_Usuarios, role_Usuarios)VALUES ('Maria Oliveira', 'maria.oliveira@email.com', 'abcde', '1');
INSERT INTO Usuarios (nome_Usuarios, email_Usuarios, senha_Usuarios, role_Usuarios)VALUES ('Carlos Santos', 'carlos.santos@email.com', 'senha123', '0');


INSERT INTO Historico (email_Transferencia, valor_Transferencia, data_Transferencia, desc_Transferencia) VALUES ('maria.oliveira@email.com', 150.00, '2025-10-08T14:30:00Z', 'Transferência para Maria');
INSERT INTO Historico (email_Transferencia, valor_Transferencia, data_Transferencia, desc_Transferencia) VALUES ('carlos.santos@email.com', 50.00, '2025-10-07T09:15:00Z', 'Almoço dividido');
INSERT INTO Historico (email_Transferencia, valor_Transferencia, data_Transferencia, desc_Transferencia) VALUES ('giovanni@email.com', 200.00, '2025-10-06T18:00:00Z', 'Pagamento de serviço');
INSERT INTO Historico (email_Transferencia, valor_Transferencia, data_Transferencia, desc_Transferencia) VALUES ('maria.oliveira@email.com', 75.50, '2025-10-05T12:00:00Z', 'Compra compartilhada');

INSERT INTO Receitablog (nome_Receitablog, descricao_Receitablog, img_Receitablog, ingredientes_Receitablog, data_Receitablog, tempo_Receitablog) VALUES ('Brigadeiro', 'Doce brasileiro clássico de chocolate com granulado', 'uploads/brigadeiro.jpg', '1 lata de leite condensado, 1 colher de manteiga, 4 colheres de chocolate em pó, chocolate granulado', '2025-10-29T12:00:00Z', '20 minutos');
INSERT INTO Receitablog (nome_Receitablog, descricao_Receitablog, img_Receitablog, ingredientes_Receitablog, data_Receitablog, tempo_Receitablog) VALUES ('Beijinho', 'Docinho de coco com sabor delicado e envolto em açúcar', 'uploads/beijinho.jpg', '1 lata de leite condensado, 1 colher de manteiga, 100g de coco ralado, açúcar cristal', '2025-10-29T12:05:00Z', '25 minutos');
INSERT INTO Receitablog (nome_Receitablog, descricao_Receitablog, img_Receitablog, ingredientes_Receitablog, data_Receitablog, tempo_Receitablog) VALUES ('Pudim de Leite', 'Pudim cremoso de leite com calda de caramelo', 'uploads/pudim.jpeg', '1 lata de leite condensado, mesma medida de leite, 3 ovos, 1 xícara de açúcar', '2025-10-29T12:10:00Z', '1 hora');
INSERT INTO Receitablog (nome_Receitablog, descricao_Receitablog, img_Receitablog, ingredientes_Receitablog, data_Receitablog, tempo_Receitablog) VALUES ('Cocada', 'Doce de coco tradicional, simples e saboroso', 'uploads/cocada.jpg', '2 xícaras de açúcar, 2 xícaras de coco ralado, 1/2 xícara de água', '2025-10-29T12:15:00Z', '30 minutos');
INSERT INTO Receitablog (nome_Receitablog, descricao_Receitablog, img_Receitablog, ingredientes_Receitablog, data_Receitablog, tempo_Receitablog) VALUES ('Quindim', 'Doce de gema e coco com textura brilhante e macia', 'uploads/quindin.jpg', '6 gemas, 1 ovo inteiro, 150g de açúcar, 100g de coco ralado, 50g de manteiga', '2025-10-29T12:20:00Z', '50 minutos');
INSERT INTO Receitablog (nome_Receitablog, descricao_Receitablog, img_Receitablog, ingredientes_Receitablog, data_Receitablog, tempo_Receitablog) VALUES ('Pavê de Chocolate', 'Sobremesa gelada com camadas de biscoito e creme de chocolate', 'uploads/paveChocolate.jpg', '200g de biscoito champagne, 1 lata de leite condensado, 2 colheres de chocolate em pó, 500ml de leite, 200ml de creme de leite', '2025-10-29T12:25:00Z', '40 minutos');
INSERT INTO Receitablog (nome_Receitablog, descricao_Receitablog, img_Receitablog, ingredientes_Receitablog, data_Receitablog, tempo_Receitablog) VALUES ('Mousse de Maracujá', 'Mousse leve e refrescante com sabor de maracujá', 'uploads/mousseMaracuja.jpg', '1 lata de leite condensado, 1 lata de creme de leite, 1 medida da lata de suco de maracujá concentrado, polpa de maracujá para decorar', '2025-10-29T12:30:00Z', '15 minutos');
INSERT INTO Receitablog (nome_Receitablog, descricao_Receitablog, img_Receitablog, ingredientes_Receitablog, data_Receitablog, tempo_Receitablog) VALUES ('Bolo de Cenoura', 'Bolo fofinho de cenoura com cobertura de chocolate', 'uploads/boloCenoura.jpg', '3 cenouras médias, 4 ovos, 1 xícara de óleo, 2 xícaras de açúcar, 2 xícaras de farinha de trigo, 1 colher de fermento', '2025-10-29T12:35:00Z', '50 minutos');
INSERT INTO Receitablog (nome_Receitablog, descricao_Receitablog, img_Receitablog, ingredientes_Receitablog, data_Receitablog, tempo_Receitablog) VALUES ('Bolo de Chocolate', 'Bolo úmido e macio com sabor intenso de chocolate', 'uploads/boloChocolate.jpg', '3 ovos, 2 xícaras de açúcar, 2 xícaras de farinha de trigo, 1 xícara de chocolate em pó, 1 xícara de leite, 1/2 xícara de óleo, 1 colher de fermento', '2025-10-29T12:40:00Z', '45 minutos');
INSERT INTO Receitablog (nome_Receitablog, descricao_Receitablog, img_Receitablog, ingredientes_Receitablog, data_Receitablog, tempo_Receitablog) VALUES ('Brownie', 'Doce americano de chocolate com textura densa e sabor intenso', 'uploads/brownie.jpg', '200g de chocolate meio amargo, 100g de manteiga, 1 xícara de açúcar, 3 ovos, 1/2 xícara de farinha de trigo', '2025-10-29T12:45:00Z', '35 minutos');

INSERT INTO Receitas (nome_Receitas, desc_Receitas, valor_Receitas, img_Receitas, avaliacao_Receitas, disponivel_Receitas, tipoquantidade_Receitas) VALUES ('Brigadeiro', 'Doce clássico de chocolate com granulado', 1.50, 'uploads/brigadeiro.jpg', 4.9, 100, 'unidade');
INSERT INTO Receitas (nome_Receitas, desc_Receitas, valor_Receitas, img_Receitas, avaliacao_Receitas, disponivel_Receitas, tipoquantidade_Receitas) VALUES ('Beijinho', 'Docinho de coco com sabor delicado', 1.50, 'uploads/beijinho.jpg', 4.8, 80, 'unidade');
INSERT INTO Receitas (nome_Receitas, desc_Receitas, valor_Receitas, img_Receitas, avaliacao_Receitas, disponivel_Receitas, tipoquantidade_Receitas) VALUES ('Pudim de Leite', 'Pudim cremoso de leite com calda de caramelo', 15.00, 'uploads/pudim.jpeg', 4.7, 20, 'peso');
INSERT INTO Receitas (nome_Receitas, desc_Receitas, valor_Receitas, img_Receitas, avaliacao_Receitas, disponivel_Receitas, tipoquantidade_Receitas) VALUES ('Cocada', 'Doce de coco tradicional', 8.00, 'uploads/cocada.jpg', 4.6, 30, 'peso');
INSERT INTO Receitas (nome_Receitas, desc_Receitas, valor_Receitas, img_Receitas, avaliacao_Receitas, disponivel_Receitas, tipoquantidade_Receitas) VALUES ('Quindim', 'Doce de gema e coco com textura macia', 12.00, 'uploads/quindin.jpg', 4.9, 15, 'unidade');
INSERT INTO Receitas (nome_Receitas, desc_Receitas, valor_Receitas, img_Receitas, avaliacao_Receitas, disponivel_Receitas, tipoquantidade_Receitas) VALUES ('Pavê de Chocolate', 'Sobremesa gelada com camadas de biscoito e creme', 20.00, 'uploads/paveChocolate.jpg', 4.8, 10, 'peso');
INSERT INTO Receitas (nome_Receitas, desc_Receitas, valor_Receitas, img_Receitas, avaliacao_Receitas, disponivel_Receitas, tipoquantidade_Receitas) VALUES ('Mousse de Maracujá', 'Mousse leve e refrescante', 18.00, 'uploads/mousseMaracuja.jpg', 4.7, 12, 'peso');
INSERT INTO Receitas (nome_Receitas, desc_Receitas, valor_Receitas, img_Receitas, avaliacao_Receitas, disponivel_Receitas, tipoquantidade_Receitas) VALUES ('Bolo de Cenoura', 'Bolo fofinho de cenoura com cobertura de chocolate', 22.00, 'uploads/boloCenoura.jpg', 4.6, 8, 'peso');
INSERT INTO Receitas (nome_Receitas, desc_Receitas, valor_Receitas, img_Receitas, avaliacao_Receitas, disponivel_Receitas, tipoquantidade_Receitas) VALUES ('Bolo de Chocolate', 'Bolo úmido e macio com sabor intenso de chocolate', 25.50, 'uploads/boloChocolate.jpg', 4.8, 10, 'peso');
INSERT INTO Receitas (nome_Receitas, desc_Receitas, valor_Receitas, img_Receitas, avaliacao_Receitas, disponivel_Receitas, tipoquantidade_Receitas) VALUES ('Brownie', 'Doce americano de chocolate com textura densa', 18.00, 'uploads/brownie.jpg', 4.9, 20, 'peso');
